{
  "buildCommand": "npm run build",
  "outputDirectory": "dist",
  "framework": "vite",
  "rewrites": [
    { "source": "/(.*)", "destination": "/" },
    { "source": "/.well-known/pi.toml", "destination": "/.well-known/pi.toml" }
  ],
  "headers": [
    {
      "source": "/assets/(.*)",
      "headers": [
        {
          "key": "Cache-Control",
          "value": "public, max-age=31536000, immutable"
        }
      ]
    },
    {
      "source": "/.well-known/(.*)",
      "headers": [
        {
          "key": "Content-Type",
          "value": "application/toml; charset=utf-8"
        },
        {
          "key": "Access-Control-Allow-Origin",
          "value": "*"
        }
      ]
    }
  ],
  "functions": {
    "api/**/*.ts": {
      "memory": 1024,
      "maxDuration": 10
    }
  }
}